{"count":1,"self":1003.50208,"total":1007.1199161,"children":{"InitializeActuators":{"count":113,"self":0.0019979999999999998,"total":0.0019979999999999998,"children":null},"InitializeSensors":{"count":83,"self":0.0020001,"total":0.0020001,"children":null},"AgentSendState":{"count":12979,"self":0.0726869,"total":0.1453238,"children":{"CollectObservations":{"count":11000,"self":0.030711199999999998,"total":0.030711199999999998,"children":null},"WriteActionMask":{"count":11000,"self":0.0059717999999999993,"total":0.0059717999999999993,"children":null},"RequestDecision":{"count":11000,"self":0.0359539,"total":0.0359539,"children":null}}},"DecideAction":{"count":12979,"self":3.2364455999999997,"total":3.2364455,"children":null},"AgentAct":{"count":12979,"self":0.23209459999999998,"total":0.23209459999999998,"children":null}},"gauges":{"MoveToGoal.CumulativeReward":{"count":437,"max":1.95300066,"min":-2.20700979,"runningAverage":-0.6277917,"value":-0.3130055,"weightedAverage":-0.05631108}},"metadata":{"timer_format_version":"0.1.0","start_time_seconds":"1751434537","unity_version":"2022.3.38f1","command_line_arguments":"C:\\Program Files\\Unity\\Hub\\Editor\\2022.3.38f1\\Editor\\Unity.exe -projectpath C:\\Project\\LearnUnityAgent -useHub -hubIPC -cloudEnvironment production -licensingIpc LicenseClient-dell -hubSessionId 07b41dc8-740b-4fd2-ab30-9eb40a066298 -accessToken joj0gw-Qn6cM1vgEfAQbpoUVIY1Dj7EABV5n9SWrIKY011f","communication_protocol_version":"1.5.0","com.unity.ml-agents_version":"2.0.1","scene_name":"SampleScene","end_time_seconds":"1751435544"}}